tt0099423	Die Hard 2
tt1125849	The Wrestler
tt0094155	Tin Men
tt2569088	The Saint
tt1606392	Win Win
tt0177023	My Mother Dreams the Satan's Disciples in New York
tt0118771	Breakdown
tt0106834	Even Cowgirls Get the Blues
tt0357470	The Battle of Shaker Heights
tt0119822	As Good As It Gets
tt0271367	Eight Legged Freaks
tt0443272	Lincoln
tt0117951	Trainspotting
tt0179626	15 Minutes
tt0093822	Raising Arizona
tt0056923	Charade
tt0073705	Shivers
tt0370263	Alien vs. Predator
tt1142988	The Ugly Truth
tt1789110	American Werewolf in London
tt1946935	Crying Game
tt0120735	Lock, Stock and Two Smoking Barrels
tt0058946	The Battle of Algiers
tt0106387	Benny & Joon
tt0244000	American Outlaws
tt0455857	When a Stranger Calls
tt7316868	Kill Bill Volume 1 & 2
tt0116629	Independence Day
tt0307879	Burning Annie
tt0383028	Synecdoche, New York
tt0417217	Two For The Money
tt0369226	Alone in the Dark
tt0077405	Days of Heaven
tt0109506	The Crow
tt0126886	Election
tt0109838	Freaked
tt0119314	The Horse Whisperer
tt0114709	Toy Story
tt0159382	Croupier
tt3783958	La La Land
tt0417907	Little Athens
tt0105128	Pet Sematary II
tt0095016	Die Hard
tt0266543	Finding Nemo
tt1798709	Her
tt0094631	Alien Nation
tt0195945	Next Friday
tt0780504	Drive
tt0032551	The Grapes of Wrath
tt0119116	The Fifth Element
tt7150322	Spare Me
tt0975645	Hitchcock
tt0103594	1492 Conquest of Paradise
tt0113690	Lord of Illusions
nm0702572	Margare
tt0765443	Eastern Promises
tt0094137	Three Men and a Baby
nm0063944	Sugar
tt0083511	48 Hrs
tt0329101	Freddy vs. Jason
tt0881891	All About Steve
tt0116908	The Long Kiss Goodnight
tt0181689	Minority Repor
tt0387877	The Black Dahlia
tt0479884	Crank
tt0061418	Bonnie and Clyde
tt0829482	Superbad
tt0365929	Whiteou
tt1690953	Despicable Me 2
tt0099810	The Hunt for Red October
tt2053425	Rust and Bone
tt0892384	White Jazz
tt0138704	Pi
tt1149362	The White Ribbon
tt2006810	Papadopoulos & Sons
tt0090060	St. Elmo's Fire
tt0257106	Scary Movie 2
tt0196158	Ticker
tt1216475	Cars 2
tt0106977	The Fugitive
tt0383574	Pirates of the Caribbean Dead Man's Ches
tt0100157	Misery
tt5232792	Lost in Space
tt0080678	The Elephant Man
tt0086856	The Adventures of Buckaroo Banzai Across the Eighth Dimension
tt0824758	The Last Station
tt0120201	Starship Troopers
tt0074812	Logan's Run
tt1205489	Gran Torino
tt0167260	Lord of the Rings Return of the King
tt1707386	Les Miserables
tt0673711	Sex, Lies and Videotape
tt0042192	All About Eve
tt0036775	Double Indemnity
tt5761496	Get Shorty
tt0133093	The Matrix
tt0035423	Kate & Leopold
tt0067128	Get Carter
tt0107507	Manhattan Murder Mystery
tt0361748	Inglourious Basterds
tt0124198	Very Bad Things
tt0371724	The Hitchhiker's Guide to the Galaxy
tt0488120	Fracture
tt4590390	Break
tt0268995	The Majestic (The Bijou)
tt0087182	Dune
tt1197628	Observe and Repor
tt0848228	The Avengers (2012)
tt1935179	Mud
tt0167404	The Sixth Sense
tt0315327	Bruce Almighty
tt0078788	Apocalypse Now
tt0118900	Gang Related
tt6139732	Aladdin
tt0110074	The Hudsucker Proxy
tt0486051	Wind Chi
tt1190080	2012
tt1790885	Zero Dark Thirty
tt0088847	The Breakfast Club
tt0120660	Enemy of the State
tt1197624	Law Abiding Citizen
tt1265990	The Roommate
tt0081568	The Stuntman
tt0258463	The Bourne Identity
tt5531470	Frequency
tt0074285	Carrie
nm0313534	Roo
tt0069293	Solaris
tt0113101	Four Rooms
tt0107290	Jurassic Park
tt0132347	Mystery Men
tt0072684	Barry Lyndon
tt0364045	Taking Lives
tt0097388	Friday the 13th Part VIII Jason Takes Manhattan
tt0470752	Ex Machina
tt0187738	Blade II
tt0100150	Miller's Crossing
tt0325980	Pirates of the Caribbean
tt2562232	Birdman
tt0120655	Dogma
tt0183649	Phone Boo
tt1663202	The Revenant
tt0139414	Lake Placid
tt0361127	The Woodsman
tt1560747	The Master
tt0106582	Cliffhanger
tt1226774	In the Loop
tt0067116	The French Connection
tt0044079	Strangers on a Train
tt0104797	Malcolm X
tt0159365	Cold Mountain
tt2793180	Punch Drunk Love
tt1407084	12
tt0134847	Pitch Black
tt0119173	G.I. Jane
tt0054240	Orgy of the Dead
tt0119217	Good Will Hunting
tt1148204	Orphan
tt0112384	Apollo 13
tt0309593	Final Destination 2
tt1058017	The Invention of Lying
tt0455538	How to Lose Friends & Alienate People
tt0842926	The Kids Are All Right
tt0111503	True Lies
tt0221069	Chasing Sleep
tt0084787	The Thing
tt1650062	Super 8
tt1300851	Boondock Saints 2 All Saints Day
tt0247199	The Believer
tt0119567	Jurassic Park The Lost World
tt2132285	The Bling Ring
tt1234548	The Men Who Stare at Goats
tt0056241	The Miracle Worker
tt1230414	It's Complicated
tt0166943	Music of the Hear
tt0058331	Mary Poppins
tt1024648	Argo
nm1883440	Tin Cup
tt0472399	The Mechanic
tt1045658	Silver Linings Playbook
tt2179136	American Sniper
tt0174480	Autumn in New York
tt0054215	Psycho
tt0119008	Donnie Brasco
tt1375666	Inception
tt0262674	Paria
tt0914837	44 Inch Ches
tt0403407	Perfect Creature
tt0218967	The Family Man
tt0109813	The Flintstones
tt0120004	The Relic
tt0439815	Slither
tt0240772	Ocean's Eleven
tt0104804	Man Trouble
tt1853728	Django Unchained
nm0002055	Ali
tt0120399	U Turn
tt0993846	Wall Stree
tt0089155	Fletc
tt0171580	Nurse Betty
tt0090095	Metro
tt0960099	X Men
tt0167261	Lord of the Rings The Two Towers
tt0120885	Wag the Dog
tt0092699	Broadcast News
nm0290556	Ted
tt0040835	Station Wes
tt1124035	The Ides of March
tt0120255	The Sweet Hereafter
tt0120890	Wild Things
tt0049730	The Searchers
tt0119081	Event Horizon
tt0472033	9
tt1591095	Insidious
tt0022268	Platinum Blonde
tt0416658	Crazylove
tt2024544	12 Years a Slave
tt0317705	The Incredibles
tt0138524	Intolerable Cruelty
tt6852142	Star Trek The Motion Picture
tt0100814	Tremors
tt2802850	Fargo
tt0475394	Smokin' Aces
tt2234521	The Things My Father Never Taught Me
tt1243957	The Tourist
tt0203230	You Can Count On Me
tt1411238	No Strings Attached
tt0106447	Bodies, Rest & Motion
tt0371246	Spanglis
tt0104409	Hellraiser 3 Hell on Ear
tt3921180	Screa
tt1602613	Only God Forgives
tt0217505	Gangs of New York
tt0758758	Into the Wild
tt0986263	Surrogates
tt1282140	Easy A
tt5114356	Legion
tt2416048	Christ Complex
tt0111161	The Shawshank Redemption
tt0800369	Thor
tt0088172	Starman
tt2121304	The Informant
tt0190332	Crouching Tiger, Hidden Dragon
tt0126029	Shrek
tt0215545	Bamboozled
tt0166276	Monkeybone
tt0181875	Almost Famous
tt4016454	Supergir
tt0116922	Lost Highway
tt0453556	TMNT
tt0375063	Sideways
tt3148266	12 Monkeys
tt0133152	Return of the Apes
tt0059037	The Cincinnati Kid
tt0118842	Chasing Amy
tt1509767	The Three Musketeers
tt1231277	S. Darko
tt0032138	The Wizard of Oz
tt0117509	Romeo & Julie
tt0110912	Pulp Fiction
tt1068680	Yes Man
tt0112130	Pride and Prejudice
tt0478311	Knocked Up
tt0104815	Mariachi, E
tt0163651	American Pie
tt0108052	Schindler's Lis
tt1229822	Jane Eyre
tt0328107	Man On Fire
tt4487264	50 50
tt0259711	Vanilla Sky
tt1748122	Moonrise Kingdo
tt0070895	Walking Ta
tt1046947	Last Chance Harvey
tt0082031	Arthur
tt0047673	White Christmas
tt0887971	While She Was Ou
tt0078748	Alien
tt0097815	Major League
tt1217613	Battle Los Angeles
tt1186367	Ninja Assassin
tt2404181	Belle
tt0112697	Clueless
tt7084568	The Change Up
tt0096933	Black Rain
tt0120611	Blade
tt0120669	Fear and Loathing in Las Vegas
tt0019254	The Passion of Joan of Arc
tt0120915	Star Wars The Phantom Menace
tt0131369	Ed TV
tt1345836	The Dark Knight Rises
tt0025316	It Happened One Nig
tt0206275	Save the Last Dance
tt0295701	xXx
tt1502404	Drive Angry
tt0379725	Capote
tt0103759	Bad Lieutenan
tt1800241	American Hustle
tt2677722	Labyrin
tt1615147	Margin Ca
tt0068451	The Day the Clown Cried
tt0064232	Le Diable par la Queue
tt0120780	Out of Sig
tt0407304	War of the Worlds
tt1067774	Monte Carlo
tt2592614	Resident Evi
tt0391198	The Grudge
tt0083929	Fast Times at Ridgemont Hig
tt1120985	Blue Valentine
tt1542344	127 Hours
tt0113253	Halloween The Curse of Michael Myers
tt0110005	Heavenly Creatures
tt0376874	Sexual Life
tt1201167	Funny People
tt0119094	Face Off
tt1486185	Red Riding Hood
tt0119229	Grosse Point Blank
tt0278504	Insomnia
tt0140397	Mumford
tt1385826	The Adjustment Bureau
tt1403865	True Gri
tt1403177	Hesher
tt1126591	Burlesque
tt0070379	Mean Streets
tt0094602	Above the Law
tt1866249	The Sessions
tt0337921	Cellular
tt0081398	Raging Bu
tt1210166	Moneyba
tt0120812	Rush Hour
tt0119177	Gattaca
tt0838247	After.Life
tt0100935	Wild At Hear
tt0114388	Sense and Sensibility
tt0227005	Made
tt0325710	The Last Samurai
nm1318596	Flig
tt0250081	Storytelling
tt0780571	Mr Brooks
tt0139654	Training Day
tt0068646	Godfather
tt0103074	Thelma & Louise
tt0102926	Silence of the Lambs
tt0064665	Midnight Cowboy
tt1127180	Drag Me to He
tt1401152	Unknown
tt1758830	This is 40
tt3059920	Wall Street Money Never Sleeps
tt0087800	A Nightmare on Elm Street
tt0073486	One Flew Over the Cuckoo's Nes
tt0107808	A Perfect World
tt0084855	The Verdict
tt0188453	Birthday Gir
tt0043686	Jeux Interdits
tt0025720	Rus
tt2006421	Grand Hote
tt1602620	Amour
tt0279113	The Good Girl
tt4621252	Star Wars The Force Awakens
tt0438488	Terminator Salvation
tt2114461	Authors Anonymous
tt1059786	Eagle Eye
tt0056636	Un Singe en Hiver
tt1440728	The American
tt0119174	The Game
tt0163187	Runaway Bride
tt0327597	Coraline
tt0063426	Petulia
nm0425005	The Rock
tt1598037	Friday the 13
tt0402910	Chaos
tt1142977	Frankenweenie
tt0029162	Lost Horizon
tt0254099	The Anniversary Party
tt0120801	RKO 281
tt0119738	My Best Friend's Wedding
tt1990779	Alien Resurrection
tt0089880	Rambo First Blood II The Mission
tt0260414	Taking Sides
tt0132512	At First Sig
tt1019452	A Serious Man
tt0118689	Bean
tt1405365	Celeste & Jesse Forever
tt0374900	Napoleon Dynamite
tt1131734	Jennifer's Body
tt1531905	Fantastic Mr Fox
tt0112401	Assassins
tt0185014	Wonder Boys
tt0132910	The Crow Salvation
tt0084726	Star Trek II The Wrath of Khan
tt1781769	Anna Karenina
tt0111149	Shallow Grave
tt0119396	Jackie Brown
tt0929632	Precious
tt0112857	Devil in a Blue Dress
tt0307987	Bad Santa
tt0288477	Ghost Ship
tt5873216	They
tt0080745	Flash Gordon
tt2281375	Nashville
tt0118715	The Big Lebowski
tt0083987	Gandhi
tt0082288	Dragonslayer
tt0324127	Suspect Zero
tt0108399	True Romance
tt0119675	Mimic
tt0102307	Light Sleeper
tt0235737	The Salton Sea
tt0120601	Being John Malkovic
tt0082509	Heavy Meta
tt1007029	The Iron Lady
tt0790686	Mirrors
tt1412386	The Best Exotic Marigold Hotel
tt0120586	American History X
tt0122529	Henry Foo
tt0896872	The Whistleblower
tt0099077	Awakenings
tt4731136	Pries
tt0209958	The Cell
tt3138604	Thunderbirds
tt0362478	The Box
tt0268695	The Time Machine
tt1340800	Tinker Tailor Soldier Spy
tt2937898	A Most Violent Year
tt0120834	Snow Falling On Cedars
tt0481499	The Croods
tt4939064	Red Plane
tt0121766	Star Wars Revenge of the Si
tt0795351	Case 39
tt0108358	Tombstone
tt0087363	Gremlins
nm7353958	Annie Ha
tt0910936	Pineapple Express
tt0097216	Do The Right Thing
tt2339960	Blade Trinity
tt0033891	Meet John Doe
tt0118655	Austin Powers International Man of Mystery
tt0289879	The Butterfly Effect
tt0103855	Bodyguard
tt0089886	Real Genius
tt1311071	Kill Your Darlings
tt0099703	The Grifters
tt0185431	Little Nicky
tt0184858	Reindeer Games
tt0027996	Mr Deeds Goes to Town
tt0328099	Malibu's Most Wanted
tt0365737	Syriana
tt1001508	He's Just Not That Into You
tt0119488	L.A. Confidentia
tt0375154	Tristan and Isolde
tt0133952	The Siege
tt0120689	The Green Mile
tt0800320	Clash of the Titans
tt0045847	Roughshod
tt0118929	Dark City
tt6729080	Collatera
tt1532503	Beginners
tt0368008	The Manchurian Candidate
tt0095250	The Big Blue
tt0118636	Apt Pupi
tt0117666	Sling Blade
tt0251160	John Q
tt0467197	Max Payne
tt1675192	Take Shelter
tt0210070	Ginger Snaps
tt0824747	Changeling
tt0110097	I'll Do Anything
tt0037343	Tall in the Saddle
tt0073629	The Rocky Horror Picture Show
tt0164052	Hollow Man
tt0124315	The Cider House Rules
tt0091738	Peggy Sue Got Married
tt0363771	Chronicles of Narnia The Lion, the Witch and the Wardrobe
tt1046173	G.I. Joe The Rise of Cobra
tt0088846	Brazi
tt0274546	Hellraiser Hellseeker
tt0251071	Star Wars The Empire Strikes Back
tt0454876	Life of Pi
tt1279935	Date Nig
tt0078841	Being There
tt0169547	American Beauty
tt0426459	Feas
tt0157503	Drop Dead Gorgeous
tt0450405	Cirque du Freak The Vampire's Assistan
tt0862846	Sunshine Cleaning
tt2125435	Beasts of the Southern Wild
tt1409024	Men in Black 3
tt0120907	eXistenZ
tt0414055	Elizabeth The Golden Age
tt6461812	Deception
tt0104691	The Last of the Mohicans
tt0101327	American Shaolin King of Kickboxers II
nm3821788	Airplane
tt0108037	The Sandlot Kids
tt0100791	To Sleep with Anger
tt1119646	The Hangover
tt1226753	The Debt
tt0289848	Analyze Tha
tt1659337	The Perks of Being a Wallflower
tt0926129	Prom Nig
tt0099365	Darkman
tt0097351	Field of Dreams
tt0286106	Signs
tt0122933	Analyze This
tt0108330	This Boy's Life
tt0114594	The Producer
tt0090605	Aliens
tt0448157	Hancock
tt0217869	Unbreakable
tt0130018	I Still Know What You Did Last Summer
tt0114814	The Usual Suspects
tt0115632	Basquia
tt0120188	Three Kings (Spoils of War)
tt1403981	Remember Me
tt1521197	Anonymous
tt0097289	Erik the Viking
tt1622547	30 Minutes or Less
tt0102138	JFK
tt1034032	Gamer
tt0111127	Serial Mo
tt0047396	Rear Window
tt1502712	Fantastic Four
tt0092099	Top Gun
tt0120587	Antz
tt0247425	In the Bedroo
tt0118276	Buffy the Vampire Slayer
tt1037705	The Book of Eli
tt0073195	Jaws
nm8292354	Mrs. Brown
tt0118548	Absolute Power
tt0083658	Blade Runner
tt0086510	Under Fire
tt0360486	Constantine
tt1067583	Water for Elephants
tt0115798	Cable Guy
tt0211443	Jason X
tt0104348	Glengarry Glen Gross
tt0093779	The Princess Bride
tt0163988	Bringing Out the Dead
tt0360009	Spartan
tt1605783	Midnight in Paris
tt0056869	The Birds
tt0072251	The Taking of Pelham One Two Three
tt0088683	Agnes of God
tt0480255	The Losers
nm0628325	Catwoman
tt0307901	25th Hour
tt1084950	Rachel Getting Married
tt1623205	Brick
tt4422836	Limitless
tt0113627	Leaving Las Vegas
tt0108174	So I Married an Axe Murderer
tt0083530	Airplane 2 The Seque
tt0147800	10 Things I Hate About You
tt0120824	The Shipping News
tt0181865	Traffic
tt0109686	Dumb and Dumber
tt0963794	The Ruins
tt0061722	The Graduate
tt0119654	Men in Black
tt1655420	My Week with Marilyn
tt0091042	Ferris Bueller's Day Off
tt0050976	The Seventh Seal
tt0810988	The Nines
tt0102685	Point Break
tt0140352	The Insider
tt0172495	Gladiator
tt0065724	Five Easy Pieces
tt0187393	The Patriot
tt0108160	Sleepless in Seattle
tt3902256	Star Wars Return of the Jedi
tt2473602	Get on Up
tt0581053	The Blast from the Past
tt0405676	All the King's Men
tt0107302	Kalifornia
tt0122690	Ronin
tt1568346	The Girl with the Dragon Tattoo
tt0138097	Shakespeare in Love
tt0102492	My Gir
tt0036613	Arsenic and Old Lace
tt0144964	Highlander Endgame
tt0839980	Semi Pro
tt0100260	Nightbreed
tt0875034	Nine
nm9277436	Omega Man
tt1242432	I Spit on Your Grave
nm0000217	Marty
tt0076759	Star Wars A New Hope
tt6002232	Custody
tt0418206	The Surfer King
tt1318514	Rise of the Planet of the Apes
tt0119485	Kundun
tt0119643	Meet Joe Black
tt0454841	The Hills Have Eyes
tt0143145	The World is not Enough
tt0175526	Cherry Falls
tt0251736	House of 1000 Corpses
tt0134084	Scream 3
tt1677731	Labor of Love
tt0337741	Something's Gotta Give
tt1464540	I Am Number Four
tt0161081	What Lies Benea
tt0243133	The Man Who Wasn't There
tt5707802	Dear White People
tt0486946	Wild Hogs
tt0947798	Black Swan
tt0372183	The Bourne Supremacy
tt0277027	I am Sa
tt1478338	Bridesmaids
tt1032755	RocknRolla
tt1657507	Colombiana
tt0304564	Pokemon Mewtwo Returns
tt7900080	I, Robo
tt0081283	Ordinary People
tt1104126	Shifty
tt0366548	Happy Fee
tt0144117	The Boondock Saints
tt0104073	Deep Cover
tt0144084	American Psycho
tt0144814	The Rage Carrie 2
tt0091763	Platoon
tt0211915	Amelia
tt0899194	Mighty Morphin Power Rangers The Movie
tt0086250	Scarface
tt1174732	An Education
tt0970416	The Day the Earth Stood Still
tt0022626	American Madness
tt0099487	Edward Scissorhands
tt0163025	Jurassic Park III
tt0090329	Witness
tt0974014	Creation
tt1462758	Buried
tt0104549	Jennifer Eig
tt1276104	Looper
tt0266915	Rush Hour 2
tt0363282	New York Minute
tt0159206	Sex and the City
tt0102266	The Last Boy Scout
tt0340163	Hostage
tt0096754	The Abyss
tt0077416	The Deer Hunter
tt0082971	Indiana Jones and the Raiders of the Lost Ark
tt0116209	The English Patient
tt8360018	Cras
tt0106303	Arctic Blue
tt5704826	Ace Ventura Pet Detective
tt0118617	Anastasia
tt0067217	The Hospital
tt0113972	Nick of Time
nm1176985	Leviathan
tt0795368	Death at a Funera
tt0106873	Fatal Instinc
tt0417385	12 and Holding
tt0363379	Sugar and Spice
tt0460627	Bones
tt7083566	The X Files Fight the Future
tt0114558	Strange Days
tt1054606	The Imaginarium of Doctor Parnassus
tt0083833	Diner
tt0403702	Youth in Revo
tt0166924	Mulholland Drive
tt0045793	From Here to Eternity
tt1477837	Cedar Rapids
tt0765429	American Gangster
tt0418819	Land of the Dead
tt3829266	Predator
tt0096320	Twins
tt6868898	Evil Dead II Dead by Dawn
tt1057500	Invictus
tt0082340	Escape From New York
tt0829193	Honeydripper
tt3865236	Badlands
tt0113540	Kids
tt0073692	Shampoo
tt0093565	Moonstruck
tt0098936	Twin Peaks
tt0088936	Code of Silence
tt0160127	Charlie's Angels
tt0087995	Repo Man
tt0318374	The Cooler
tt0112431	Babe
tt0091474	Manhunter
tt1441326	Martha Marcy May Marlene
tt0816462	Conan the Barbarian
tt1219827	Ghos
tt0857295	Timber Falls
tt1586752	Machine Gun Preacher
tt0117731	Star Trek First Contac
tt0099739	Hard to Ki
tt1623288	ParaNorman
tt0145660	Austin Powers The Spy Who Shagged Me
tt0477348	No Country for Old Men
tt0117802	Swingers
tt0395169	Hotel Rwanda
tt0069945	Dark Star
tt0114369	Se7en
tt0005353	Four Feathers
tt3696974	Twilight New Moon
tt0790636	Dallas Buyers Club
tt0402850	The Big White
tt0121765	Star Wars Attack of the Clones
tt0125439	Notting Hi
tt0086759	Miami Vice
tt1587669	Body of Evidence
tt0319061	Big Fis
tt1198138	Obsessed
tt0421715	The Curious Case of Benjamin Button
tt0498399	We Own the Nig
tt0120184	Sphere
tt1156696	O Brother Where Art Thou?
tt0162222	Cast Away
tt0165854	The Limey
tt0115986	The Crow City of Angels
tt1225822	Extrac
tt0103976	City of Joy
tt0266452	Death to Smoochy
tt0225071	Angel Eyes
tt0074119	All the President's Men
tt0049470	The Man Who Knew Too Much
tt0109456	Color of Nig
tt1194263	Get Low
tt0102181	Kafka
tt0113677	Living in Oblivion
tt0086979	Blood Simple
tt0099700	Gremlins 2
tt1595680	Being Human
tt0115710	Blood and Wine
tt0053619	L' Avventura
tt1001526	Megamind
tt0097243	A Dry White Season
tt1655442	The Artist
tt0105585	Thunderhear
tt0107822	The Piano
tt0264464	Catch Me If You Can
tt0097493	Heathers
tt1226271	The Damned United
tt1504320	The King's Speech
tt2243973	Hanniba
tt0088993	Day of the Dead
tt0221027	Blow
tt0114857	Virtuosity
tt7209518	2001 A Space Odyssey
tt0107688	The Nightmare Before Christmas
tt2274648	Hellboy
tt0120082	Scream 2
nm7339628	Indiana Jones IV
tt0379786	Serenity
tt0173716	Cecil B. Demented
tt0233469	Collateral Damage
tt0101761	The Doors
tt0261392	Jay and Silent Bob Strike Back
tt0219822	Human Nature
tt1322269	August Osage County
tt0085794	The King of Comedy
tt1486190	Tamara Drewe
tt0162346	Ghost World
tt0104114	The Distinguished Gentleman
tt0097165	Dead Poets Society
tt5034474	The Assignment
tt0094336	Withnail and I
tt0985699	Valkyrie
tt0112573	Bravehear
tt5281584	Who Framed Roger Rabbit?
tt0067180	Happy Birthday, Wanda June
tt2387411	Candle to Water
tt0101272	The Addams Family
tt1288083	Star Trek Nemesis
tt0119528	Liar Liar
tt0368447	The Village
tt0119925	The Postman
tt0178868	Ringu
tt0822832	Marley & Me
tt0078902	Breaking Away
tt0338075	Grand Theft Parsons
tt0098084	Pet Sematary
nm6933598	Nex
tt1570728	Crazy, Stupid, Love
tt0114194	The Prophecy
tt7154076	Mad Max 2 The Road Warrior
tt0151738	Never Been Kissed
tt0100477	The Rescuers Down Under
tt1343727	Judge Dredd
tt0165710	Detroit Rock City
tt0163978	The Beach
tt0993842	Hanna
tt0218817	Antitrus
tt0091203	Highlander
tt0104990	Newsies
tt0185116	Spider Man
tt1646971	How to Train Your Dragon 2
tt0109445	Clerks
tt0337636	Hellraiser Deader
tt0112722	Copyca
tt0111280	Star Trek Generations
nm0850384	E.T
tt0031725	Ninotchka
tt0499549	Avatar
nm0640323	Frances
tt0146882	High Fidelity
tt0264395	Basic
tt0349903	Ocean's Twelve
tt0101410	Barton Fink
tt0142688	The Ninth Gate
tt0467200	The Other Boleyn Girl
tt0081505	The Shining
tt0051036	Sweet Smell of Success
tt0425151	Jimmy and Judy
tt1372686	Coriolanus
tt0052520	Twilig
tt0338013	Eternal Sunshine of the Spotless Mind
tt1285016	The Social Network
tt0115736	Bound
tt0844286	The Brothers Bloom
tt0109830	Forrest Gump
tt0113243	Hackers
tt1189340	The Lincoln Lawyer
tt0116225	Escape From L.A
tt0097428	Ghostbusters 2
tt0115734	Bottle Rocke
tt0366551	Harold and Kumar Go to White Castle
tt0118749	Boogie Nights
tt0244244	Swordfis
tt0120684	Gods and Monsters
tt1065073	Boyhood
tt0199725	Love and Basketba
tt2582846	The Fault in Our Stars
tt0281358	A Walk to Remember
tt0115641	Beavis and Butt head Do America
tt0116905	Lone Star
tt0094008	Someone To Watch Over Me
tt0399295	Lord of War
tt0097576	Indiana Jones and the Last Crusade
tt0171363	The Haunting
tt0043014	Sunset Blvd
tt0038650	It's a Wonderful Life
tt0335245	The Ladykillers
tt0087469	Indiana Jones and the Temple of Doo
tt1152836	Public Enemies
tt6151198	Bonfire of the Vanities
tt2180411	Into the Woods
tt0116367	From Dusk Till Dawn
tt0023969	Duck Soup
tt0112641	Casino
tt0407680	Dave Barry's Complete Guide to Guys
tt0128445	Rushmore
tt1100089	Foxcatcher
tt0118956	Deep Rising
tt0118531	187
tt0101393	Backdraf
tt0423510	Warm Springs
tt1446714	Prometheus
tt0164181	Stir of Echoes
tt0106308	Army of Darkness
tt0208092	Snatc
tt0096446	Willow
tt0109707	Ed Wood
tt0137523	Fight Club
tt0387564	Saw
tt0102070	Hudson Hawk
tt0134273	8MM
nm8748320	Hea
tt0964517	The Fighter
tt1234542	The Last Flight
nm0182839	Simone
tt1193138	Up in the Air
tt0175880	Magnolia
tt0431197	The Kingdom
tt0082348	Excalibur
tt0060028	Star Trek
tt0116695	Jerry Maguire
tt0053604	The Apartment
tt0093177	Hellraiser
tt4310572	Frozen (Disney)
tt0110475	The Mask
tt0120382	The Truman Show
tt0757361	Margot at the Wedding
tt1182345	Moon
tt0892769	How to Train Your Dragon
tt1231587	Hot Tub Time Machine
tt0278435	Enoug
tt0103644	Alien 3
tt1454468	Gravity
tt0110632	Natural Born Killers
tt0976051	The Reader
tt0195714	Final Destination
tt0090756	Blue Velve
tt0120686	Stepmo
tt1049413	Up
tt0815236	She's Out of My League
tt0480687	Hall Pass
tt1010048	Slumdog Millionaire
tt0421090	Zerophilia
tt1499658	Horrible Bosses
tt0120737	The Lord of the Rings Fellowship of the Ring
tt0448179	Wild Things Diamonds in the Roug
tt0239860	Quantum Projec
tt7257388	Robin Hood Prince of Thieves
tt1568911	War Horse
tt1727388	The Way Back
tt2140373	Saving Mr. Banks
tt5493944	The Little Mermaid
tt0831387	Godzilla
tt0258000	Panic Roo
tt0077766	Jaws 2
tt0120202	State and Main
tt0102753	Rambling Rose
tt0137494	Entrapmen
tt0146309	Thirteen Days
tt0472954	Philadelphia
tt0095765	Cinema Paradiso
tt0112346	The American President
tt0195685	Erin Brockovic
tt0305206	American Splendor
tt0183523	Mission to Mars
tt0134119	The Talented Mr. Ripley
tt0032599	His Girl Friday
tt0425253	Mini's First Time
tt0050156	The Bachelor Party
tt3450958	The Planet of the Apes
tt0054167	Peeping To
tt0103776	Batman 2
tt1458175	The Next Three Days
tt0070849	Last Tango in Paris
tt0816692	Interstellar
tt0068638	The Getaway
tt0120347	Tomorrow Never Dies
tt0441773	Kung Fu Panda
tt0440963	The Bourne Ultimatum
tt0366627	The Jacket
tt1038919	The Bounty Hunter
tt0110265	Killing Zoe
tt2063781	Smashed
tt0878804	The Blind Side
tt0066249	The Private Life of Sherlock Holmes
tt0082089	Body Hea
tt0959337	Revolutionary Road
tt0289992	The Life of David Gale
tt0125664	Man on the Moon
tt0253474	The Pianist
tt0311113	Master and Commander
tt0407887	The Departed
tt0118158	White Squa
tt0811080	Speed Racer
tt0395699	The Pacifier
tt0071315	Chinatown
tt0105414	Single White Female
tt0096895	Batman
tt0128853	You've Got Mai
tt0139134	Cruel Intentions
tt1291584	Warrior
tt0047849	Bad Day at Black Rock
tt0110148	Interview with the Vampire
tt0458525	X Men Origins Wolverine
tt0317640	The Hebrew Hammer
tt1220888	Henry's Crime
tt0091969	April Fool's Day
tt5463162	Deadpoo
tt0107048	Groundhog Day
tt1289401	Ghostbusters
tt1045778	Year One
tt0088247	Terminator
tt0467406	Juno
tt0075314	Taxi Driver
tt1022603	500 Days of Summer
tt0099348	Dances with Wolves
tt1033575	The Descendants
tt0244839	Terminator 2 Judgement Day
tt0333766	Garden State
tt0088323	The Neverending Story
tt1966359	Who's Your Daddy
tt0259324	Ghost Rider
tt0108149	Six Degrees of Separation
tt0118571	Air Force One
tt0088944	Commando
tt0945513	Source Code
tt0209144	Memento
tt0270288	Confessions of a Dangerous Mind
tt0112442	Bad Boys
tt0091167	Hannah and Her Sisters
tt0493464	Wanted
tt0057591	Les Tontons Flingueurs
tt0033467	Citizen Kane
tt0094812	Bull Durha
tt0120157	Soldier
tt0191397	The Replacements
tt1454029	The Help
tt0413267	Shrek the Third
tt0095294	Hellbound Hellraiser II
tt0103772	Basic Instinc
tt1542249	Ni vu ni connu
tt6083390	The Godfather Part III
tt0086879	Amadeus
tt0092106	Transformers The Movie
tt1483013	Oblivion
tt2647544	Sleepy Hollow
tt5315452	Scott Pilgrim vs the World
tt0151804	Office Space
tt0123755	Cube
tt0104257	A Few Good Men
tt1013753	Milk
tt0086927	Bachelor Party
tt2345759	The Mummy
tt0109450	Cobb
tt0363547	Dawn of the Dead
tt0187078	Gone in 60 Seconds
tt0942385	Tropic Thunder
tt0087957	Purple Rain
tt0486822	Disturbia
tt0069704	American Graffiti
tt0067309	Klute
tt0100405	Pretty Woman
tt0118971	Devil's Advocate
tt0408236	Sweeney Todd The Demon Barber of Fleet Stree
tt0310910	Confidence
tt1872617	Man in the Iron Mask
tt0119381	Inventing the Abbotts
tt0105159	The Power of One
tt0110604	Mute Witness
tt0120891	Wild Wild Wes
tt0310924	Crime Spree
tt0234215	The Matrix Reloaded
tt0887883	Burn After Reading
tt2334649	Fruitvale Station
tt0119349	The Ice Storm
tt0974661	17 Again
tt3569230	Legend
tt0268126	Adaptation
tt1126590	Big Eyes
tt1735898	Snow White and the Huntsman
tt0425055	Game 6
tt0139239	Go
tt0120696	Hard Rain
tt0103241	What About Bob?
tt0040613	Mr Blandings Builds His Dream House
tt0264796	Life As A House
tt0075148	Rocky
tt1045772	I Love You Phillip Morris
tt2189221	Defiance
tt0048545	Rebel Without A Cause
tt0988045	Sherlock Holmes
tt0115759	Broken Arrow
tt2350892	Bad Country
tt1288558	Evil Dead
tt0117060	Mission Impossible
tt0913425	Broken Embraces
tt0335266	Lost in Translation
tt0250494	Legally Blonde
tt1446192	Rise of the Guardians
tt0360717	King Kong
tt0978759	Frozen River
tt0129387	There's Something About Mary
tt1706593	Chronicle
tt1188729	Pandoru
tt0065214	The Wild Bunch
tt1041829	The Proposal
tt0120338	Titanic
tt0120603	Beloved
tt0116409	The Ghost and the Darkness
tt1764183	Arbitrage
tt0072890	Dog Day Afternoon
tt2216212	The Amityville Asylum
tt0121955	South Park
tt0105236	Reservoir Dogs
tt0109836	Frankenstein
tt0985694	Machete
tt2294629	Frozen
tt0118564	Affliction
tt0434409	V for Vendetta
tt0306685	Cradle 2 the Grave
tt0071562	Godfather Part II
tt0099871	Jacob's Ladder
tt0120762	Mulan
tt0399201	The Island
tt0808151	Angels & Demons
tt1074638	Silver Bulle
tt0120789	Pleasantville
tt0411477	Hellboy 2 The Golden Army
tt5288312	Shame
tt7015954	Kramer vs Kramer
tt0105417	Sister Ac
tt0317740	The Italian Job
tt0120755	Mission Impossible II
tt0290137	Wall E
tt0120815	Saving Private Ryan
tt5442430	Life
tt0089175	Fright Nig
tt0462200	Black Snake Moan
tt1284575	Bad Teacher
tt3022066	The Back up Plan
tt0898367	The Road
tt1104001	TRON Legacy
tt0238546	Queen of the Damned
tt0453562	42
tt0070735	The Sting
tt0409847	Cowboys & Aliens
tt1583420	Larry Crowne
tt0977855	Fair Game
tt0348836	Gothika
tt0302297	After School Specia
tt0094737	Big
tt0106302	Arcade
tt0409459	Watchmen
tt3083008	The Program
tt0120591	Armageddon
tt0094701	Bad Dreams
tt0213149	Pearl Harbor
tt0097322	The Fabulous Baker Boys
tt0436697	The Queen
nm0748368	Pau